{
  "epochs": 1260,
  "in_channels": 1,
  "out_classes": 2,
  "num_interval_per_valid": 20,
  "learning_rate": 1e-4,
  "multi_gpu": false,
  "amp": false,
  "roi_x": 224,
  "roi_y": 224,
  "roi_z": 32,
  "cache_rate": 1.0,
  "determinism": {
    "random_seed": 0
  },
  "cudnn_benchmark": false,
  "dont_load_ckpt_model": true,
  "train": {
    "loss": {
      "name": "DiceCELoss",
      "args":{
        "jaccard": false,
        "to_onehot_y": true,
        "softmax": true,
        "squared_pred": true
      }
    },
    "optimizer": {
      "name": "Adam",
      "args": {
        "lr": "{learning_rate}"
      }
    },
    "lr_scheduler": {
      "name": "StepLR",
      "args": {
        "step_size": 5000,
        "gamma": 0.1
      }
    },
    "model": {
      "name": "SegResNet",
      "args": {
        "spatial_dims": 3,
        "init_filters": 8,
        "in_channels": "{in_channels}",
        "out_channels": "{out_classes}",
        "dropout_prob": null,
        "norm_name": "group",
        "num_groups": 8,
        "use_conv_final": true,
        "blocks_down": [1, 2, 2, 4],
        "blocks_up": [1, 1, 1],
        "upsample_mode": "nontrainable"
      }
    },
    "pre_transforms": [
      {
        "name": "LoadImaged",
        "args": {
          "keys": [
            "image",
            "label"
          ]
        }
      },
      {
        "name": "Lambdad",
        "args": {
          "keys": ["label"],
          "func": "lambda x: np.ceil(x.astype(np.float16) / 3.0).astype(np.float16)",
          "overwrite": true,
          "allow_missing_keys": false
        }
      },
      {
        "name": "EnsureChannelFirstd",
        "args": {
          "keys": [
            "image",
            "label"
          ]
        }
      },
      {
        "name": "Spacingd",
        "args": {
          "keys": [
            "image",
            "label"
          ],
          "pixdim": [
            0.8,
            0.8,
            5.0
          ],
          "mode": [
            "bilinear",
            "nearest"
          ],
          "align_corners": [
            true,
            true
          ]
        }
      },
      {
        "name": "ScaleIntensityRanged",
        "args": {
          "keys": "image",
          "a_min": -1000,
          "a_max": 500,
          "b_min": 0.0,
          "b_max": 1.0,
          "clip": true
        }
      },
      {
        "name": "CropForegroundd",
        "args": {
          "keys": [
            "image",
            "label"
          ],
          "source_key": "image"
        }
      },
      {
        "name": "SpatialPadd",
        "args": {
          "keys": [
            "image",
            "label"
          ],
          "spatial_size": [
            "{roi_x}",
            "{roi_y}",
            "{roi_z}"
          ],
          "mode": [
            "minimum",
            "constant"
          ]
        }
      },
      {
        "name": "RandCropByPosNegLabeld",
        "args": {
          "keys": [
            "image",
            "label"
          ],
          "label_key": "label",
          "spatial_size": [
            "{roi_x}",
            "{roi_y}",
            "{roi_z}"
          ],
          "pos": 1,
          "neg": 1,
          "num_samples": 2,
          "image_key": "image",
          "image_threshold": 0
        }
      },
      {
        "name": "RandFlipd",
        "args": {
          "keys": [
            "image",
            "label"
          ],
          "spatial_axis": [0],
          "prob": 0.10
        }
      },
      {
        "name": "RandFlipd",
        "args": {
          "keys": [
            "image",
            "label"
          ],
          "spatial_axis": [1],
          "prob": 0.10
        }
      },
      {
        "name": "RandFlipd",
        "args": {
          "keys": [
            "image",
            "label"
          ],
          "spatial_axis": [2],
          "prob": 0.10
        }
      },
      {
        "name": "RandRotate90d",
        "args": {
          "keys": [
            "image",
            "label"
          ],
          "prob": 0.10,
          "max_k": 3
        }
      },
      {
        "name": "RandShiftIntensityd",
        "args": {
          "keys": "image",
          "offsets": 0.10,
          "prob": 0.50
        }
      },
      {
        "name": "ToTensord",
        "args": {
          "keys": [
            "image",
            "label"
          ]
        }
      }
    ],
    "dataset": {
      "name": "CacheDataset",
      "data_list_file_path": "{DATASET_JSON}",
      "data_file_base_dir": "{DATA_ROOT}",
      "data_list_key": "training",
      "args": {
        "cache_rate": "{cache_rate}",
        "num_workers": 4
      }
    },
    "dataloader": {
      "name": "DataLoader",
      "args": {
        "batch_size": 4,
        "shuffle": true,
        "num_workers": 4
      }
    },
    "inferer": {
      "name": "SimpleInferer"
    },
    "handlers": [
      {
        "name": "CheckpointLoader",
        "disabled": "{dont_load_ckpt_model}",
        "args": {
          "load_path": "{MMAR_CKPT}",
          "load_dict": ["model"]
        }
      },
      {
        "name": "LrScheduleHandler",
        "args": {
          "print_lr": true
        }
      },
      {
        "name": "ValidationHandler",
        "args": {
          "epoch_level": true,
          "interval": "{num_interval_per_valid}"
        }
      },
      {
        "name": "CheckpointSaver",
        "rank": 0,
        "args": {
          "save_dir": "{MMAR_CKPT_DIR}",
          "save_dict": ["model", "optimizer", "lr_scheduler", "train_conf"],
          "save_final": true,
          "save_interval": 400
        }
      },
      {
        "name": "StatsHandler",
        "rank": 0,
        "args": {
          "tag_name": "train_loss",
          "output_transform": "lambda x: x['loss']"
        }
      },
      {
        "name": "TensorBoardStatsHandler",
        "rank": 0,
        "args": {
          "log_dir": "{MMAR_CKPT_DIR}",
          "tag_name": "train_loss",
          "output_transform": "lambda x: x['loss']"
        }
      }
    ],
    "post_transforms": [
      {
        "name": "Activationsd",
        "args": {
          "keys": "pred",
          "softmax": true
        }
      },
      {
        "name": "AsDiscreted",
        "args": {
          "keys": ["pred", "label"],
          "argmax": [true, false],
          "to_onehot": true,
          "n_classes": "{out_classes}"
        }
      }
    ],
    "metrics": [
      {
        "name": "Accuracy",
        "log_label": "train_acc",
        "is_key_metric": true,
        "args": {
          "output_transform": "lambda x: (x['pred'], x['label'])"
        }
      }
    ],
    "trainer": {
      "name": "SupervisedTrainer",
      "args": {
        "max_epochs": "{epochs}"
      }
    }
  },
  "validate": {
    "pre_transforms": [
      {
        "ref": "LoadImaged"
      },
      {
        "ref": "Lambdad"
      },
      {
        "ref": "EnsureChannelFirstd"
      },
      {
        "ref": "Spacingd"
      },
      {
        "ref": "ScaleIntensityRanged"
      },
      {
        "ref": "CropForegroundd"
      },
      {
        "ref": "SpatialPadd"
      },
      {
        "ref": "ToTensord"
      }
    ],
    "dataset": {
      "name": "CacheDataset",
      "data_list_file_path": "{DATASET_JSON}",
      "data_file_base_dir": "{DATA_ROOT}",
      "data_list_key": "validation",
      "args": {
        "cache_rate": "{cache_rate}",
        "num_workers": 4
      }
    },
    "dataloader": {
      "name": "DataLoader",
      "args": {
        "batch_size": 1,
        "shuffle": false,
        "num_workers": 4
      }
    },
    "inferer": {
      "name": "SlidingWindowInferer",
      "args": {
        "roi_size": [
          "{roi_x}",
          "{roi_y}",
          "{roi_z}"
        ],
        "sw_batch_size": 2,
        "overlap": 0.6
      }
    },
    "handlers": [
      {
        "name": "StatsHandler",
        "rank": 0,
        "args": {
          "output_transform": "lambda x: None"
        }
      },
      {
        "name": "TensorBoardStatsHandler",
        "rank": 0,
        "args": {
          "log_dir": "{MMAR_CKPT_DIR}",
          "output_transform": "lambda x: None"
        }
      },
      {
        "name": "CheckpointSaver",
        "rank": 0,
        "args": {
          "save_dir": "{MMAR_CKPT_DIR}",
          "save_dict": ["model", "train_conf"],
          "save_key_metric": true
        }
      }
    ],
    "post_transforms": [
      {
        "ref": "Activationsd"
      },
      {
        "ref": "AsDiscreted"
      }
    ],
    "metrics": [
      {
        "name": "MeanDice",
        "log_label": "val_mean_dice",
        "is_key_metric": true,
        "args": {
          "include_background": false,
          "output_transform": "lambda x: (x['pred'], x['label'])"
        }
      },
      {
        "name": "Accuracy",
        "log_label": "val_acc",
        "args": {
          "output_transform": "lambda x: (x['pred'], x['label'])"
        }
      }
    ],
    "evaluator": {
      "name": "SupervisedEvaluator"
    }
  }
}