{
  "in_channels": 1,
  "out_classes": 2,
  "roi_x": 224,
  "roi_y": 224,
  "roi_z": 32,
  "multi_gpu": false,
  "amp": true,
  "model": {
    "ts_path": "{MMAR_TORCHSCRIPT}"
  },
  "pre_transforms": [
    {
      "name": "DeleteItemsd",
      "args": {
        "keys": [
          "label"
        ]
      }
    },
    {
      "name": "LoadImaged",
      "args": {
        "keys": [
          "image"
        ]
      }
    },
    {
      "name": "EnsureChannelFirstd",
      "args": {
        "keys": [
          "image"
        ]
      }
    },
    {
      "name": "Spacingd",
      "args": {
        "keys": [
          "image"
        ],
        "pixdim": [
          0.8,
          0.8,
          5.0
        ],
        "mode": [
          "bilinear"
        ],
        "align_corners": [
          true
        ]
      }
    },
    {
      "name": "ScaleIntensityRanged",
      "args": {
        "keys": "image",
        "a_min": -1000,
        "a_max": 500,
        "b_min": 0.0,
        "b_max": 1.0,
        "clip": true
      }
    },
    {
      "name": "CropForegroundd",
      "args": {
        "keys": [
          "image"
        ],
        "source_key": "image"
      }
    },
    {
      "name": "ToTensord",
      "args": {
        "keys": [
          "image"
        ]
      }
    }
  ],
  "dataset": {
    "name": "Dataset",
    "data_list_file_path": "{DATASET_JSON}",
    "data_file_base_dir": "{DATA_ROOT}",
    "data_list_key": "testing"
  },
  "dataloader": {
    "name": "DataLoader",
    "args": {
      "batch_size": 1,
      "shuffle": false,
      "num_workers": 4
    }
  },
  "inferer": {
    "name": "SlidingWindowInferer",
    "args": {
      "roi_size": [
        "{roi_x}",
        "{roi_y}",
        "{roi_z}"
      ],
      "sw_batch_size": 4,
      "overlap": 0.6
    }
  },
  "handlers": [
    {
      "name": "StatsHandler",
      "rank": 0,
      "args": {
        "output_transform": "lambda x: None"
      }
    },
    {
      "name": "TransformInverter",
      "args": {
        "output_keys": [
          "pred"
        ],
        "batch_keys": "image",
        "postfix": "inverted",
        "nearest_interp": false
      }
    },
    {
      "name": "SegmentationSaver",
      "args": {
        "resample": false,
        "output_dir": "{MMAR_EVAL_OUTPUT_PATH}",
        "batch_transform": "lambda x: x['image_meta_dict']",
        "output_transform": "lambda x: __import__('monai').transforms.AsDiscrete(argmax=True, to_onehot=False, n_classes=2)(x['pred_inverted'][0][None].detach().cpu())"
      }
    }
  ],
  "post_transforms": [
    {
      "name": "Activationsd",
      "args": {
        "keys": "pred",
        "softmax": true
      }
    }
  ],
  "evaluator": {
    "name": "SupervisedEvaluator"
  }
}